<App Icon="19" Category="0" Type="CODE">
  <Name>
    <String str="Exit to Browser" />
    <String str="Quitter vers le navigateur" />
    <String str="Salir al navegador" />
    <String str="Zum Browser zurückkehren" />
    <String str="Esci al Browser" />
    <String str="Verlaten naar de browser" />
    <String str="Sair para o Navegador" />
  </Name>
  <Code>
    <![CDATA[
        function() {
          DATA.DASH_STATE = 'FADE_OUT';
          DATA.CUSTOM_FUNCTION = function ()
          {
              Draw.rect(0, 0, DATA.CANVAS.width, DATA.CANVAS.height, Color.new(0, 0, 0, 128));
              System.exitToBrowser();
          };
        }
      ]]>
  </Code>
</App>
