<App Icon="10" Category="1" Type="SUBMENU">
  <Name>
    <String str="Date and Time Settings" />
    <String str="Paramètres date et heure" />
    <String str="Ajustes de Fecha y Hora" />
    <String str="Datums- und Zeit-Einstellungen" />
    <String str="Impostazioni di data e ora" />
    <String str="Datum- en tijdinstellingen" />
    <String str="Definições de Data e Hora" />
  </Name>
  <Description>
    <String str="Adjust date and time settings." />
    <String str="Réglez les paramètres de date et d'heure." />
    <String str="Ajusta la configuración de fecha y hora." />
    <String str="Datum- und Uhrzeiteinstellungen anpassen." />
    <String str="Regola le impostazioni di data e ora." />
    <String str="Pas de instellingen voor datum en tijd aan." />
    <String str="Ajuste as configurações de data e hora." />
  </Description>
  <Option Type="CONTEXT" Icon="15">
    <Name>
      <String str="Date Format" />
      <String str="Affichage de la date" />
      <String str="Formato de la fecha" />
      <String str="Datumsdarstellung" />
      <String str="Formato della data" />
      <String str="Datumweergave" />
      <String str="Formato da Data" />
    </Name>
    <Description>
      <String str="Set the order of display." />
      <String str="Pour définir l'ordre d'affichage." />
      <String str="Permite ajustar el orden de visualización." />
      <String str="Stellen Sie die Reihenfolge der Anzeige." />
      <String str="Seleziona l'ordine di visualizzazione." />
      <String str="Set the order of display." />
      <String str="Define a ordem de apresentação." />
    </Description>
    <Component Name="DD-MM-YYYY" Icon="-1"/>
    <Component Name="MM-DD-YYYY" Icon="-1"/>
    <Default Variable="DATA.DATE_FORMAT"/>
    <Confirm>
      <![CDATA[
        function(DATA, val) {
            DATA.DATE_FORMAT = val;
            let config = DATA.CONFIG.Get("main.cfg");
            config["dateFormat"] = val.toString();
            DATA.CONFIG.Push("main.cfg", config);
        }
      ]]>
    </Confirm>
  </Option>
  <Option Type="CONTEXT" Icon="15">
    <Name>
      <String str="Time Format" />
      <String str="Affichage de l'heure" />
      <String str="Formato de Hora" />
      <String str="Zeitdarstellung" />
      <String str="Formato dell'ora" />
      <String str="Tijdweergave" />
      <String str="Formato da Hora" />
    </Name>
    <Description>
      <String str="Set the time display format." />
      <String str="Pour choisir d'afficher l'heure." />
      <String str="Establece el tipo de reloj de 12 o 24 horas." />
      <String str="Setze das Zeitfomat." />
      <String str="Seleziona il formato dell'ora." />
      <String str="De tijdweergave op een 12- of 24-uursklok instellen." />
      <String str="Define a apresentação da hora em relógio de 12 ou de 24 horas." />
    </Description>
    <Component Icon="-1">
      <Name>
        <String str="12-Hour" />
        <String str="12 heures" />
        <String str="12 horas" />
        <String str="12 Stunden" />
        <String str="12 ore" />
        <String str="12 uur" />
        <String str="12 horas" />
      </Name>
    </Component>
    <Component Icon="-1">
      <Name>
        <String str="24-Hour" />
        <String str="24 heures" />
        <String str="24 horas" />
        <String str="24 Stunden" />
        <String str="24 ore" />
        <String str="24 uur" />
        <String str="24 horas" />
      </Name>
    </Component>
    <Default Variable="DATA.HOUR_FORMAT"/>
    <Confirm>
      <![CDATA[
        function(DATA, val) {
            DATA.HOUR_FORMAT = val;
            let config = DATA.CONFIG.Get("main.cfg");
            config["hourFormat"] = val.toString();
            DATA.CONFIG.Push("main.cfg", config);
        }
      ]]>
    </Confirm>
  </Option>
  <Option Type="CONTEXT" Icon="15">
    <Name>
      <String str="Time Zone" />
      <String str="Fuseau horaire" />
      <String str="Zona horaria" />
      <String str="Zeitzone" />
      <String str="Fuso orario" />
      <String str="Tijdzone" />
      <String str="Fuso Horário" />
    </Name>
    <Component Name="GMT-11:00 - Midway Islands" Icon="-1" Value="-11"/>
    <Component Name="GMT-08:00 - Pacific (Can)" Icon="-1" Value="-8"/>
    <Component Name="GMT-08:00 - Tijuana" Icon="-1" Value="-8"/>
    <Component Name="GMT-07:00 - Mount. (Can)" Icon="-1" Value="-7"/>
    <Component Name="GMT-07:00 - Chihuahua" Icon="-1" Value="-7"/>
    <Component Name="GMT-06:00 - Central (Can)" Icon="-1" Value="-6"/>
    <Component Name="GMT-06:00 - Easter Island" Icon="-1" Value="-6"/>
    <Component Name="GMT-06:00 - Mexico City" Icon="-1" Value="-6"/>
    <Component Name="GMT-05:00 - East. (Can)" Icon="-1" Value="-5"/>
    <Component Name="GMT-04:00 - Atlan. (Can)" Icon="-1" Value="-4"/>
    <Component Name="GMT-04:00 - Santiago" Icon="-1" Value="-4"/>
    <Component Name="GMT-03:30 - Newfoundland" Icon="-1" Value="-3.5"/>
    <Component Name="GMT-03:00 - NW Greenland" Icon="-1" Value="-3"/>
    <Component Name="GMT-03:00 - SW Greenland" Icon="-1" Value="-3"/>
    <Component Name="GMT-03:00 - Buenos Aires" Icon="-1" Value="-3"/>
    <Component Name="GMT-02:00 - E Greenland" Icon="-1" Value="-1"/>
    <Component Name="GMT-01:00 - Praia" Icon="-1" Value="-1"/>
    <Component Name="GMT-01:00 - Tijuana" Icon="-1" Value="-1"/>
    <Component Name="GMT+00:00 - Reykjavik" Icon="-1" Value="0"/>
    <Component Name="GMT+00:00 - Dublin" Icon="-1" Value="0"/>
    <Component Name="GMT+00:00 - Casablanca" Icon="-1" Value="0"/>
    <Component Name="GMT+01:00 - Tirana" Icon="-1" Value="1"/>
    <Component Name="GMT+01:00 - Algiers" Icon="-1" Value="1"/>
    <Component Name="GMT+01:00 - Andorra la Vella" Icon="-1" Value="1"/>
    <Component Name="GMT+01:00 - Vienna" Icon="-1" Value="1"/>
    <Component Name="GMT+01:00 - Brussels" Icon="-1" Value="1"/>
    <Component Name="GMT+01:00 - Sarajevo" Icon="-1" Value="1"/>
    <Component Name="GMT+01:00 - Zagreb" Icon="-1" Value="1"/>
    <Component Name="GMT+01:00 - Prague" Icon="-1" Value="1"/>
    <Component Name="GMT+01:00 - Copenhagen" Icon="-1" Value="1"/>
    <Component Name="GMT+01:00 - Berlin" Icon="-1" Value="1"/>
    <Component Name="GMT+01:00 - Gibraltar" Icon="-1" Value="1"/>
    <Component Name="GMT+01:00 - Budapest" Icon="-1" Value="1"/>
    <Component Name="GMT+01:00 - Paris" Icon="-1" Value="1"/>
    <Component Name="GMT+01:00 - Rome" Icon="-1" Value="1"/>
    <Component Name="GMT+01:00 - Vaduz" Icon="-1" Value="1"/>
    <Component Name="GMT+01:00 - Monaco" Icon="-1" Value="1"/>
    <Component Name="GMT+01:00 - Amsterdam" Icon="-1" Value="1"/>
    <Component Name="GMT+01:00 - Luxembourg" Icon="-1" Value="1"/>
    <Component Name="GMT+01:00 - Skopje" Icon="-1" Value="1"/>
    <Component Name="GMT+01:00 - Valletta" Icon="-1" Value="1"/>
    <Component Name="GMT+02:00 - Sofia" Icon="-1" Value="2"/>
    <Component Name="GMT+02:00 - Nicosia" Icon="-1" Value="2"/>
    <Component Name="GMT+02:00 - Cairo" Icon="-1" Value="2"/>
    <Component Name="GMT+02:00 - Tallinn" Icon="-1" Value="2"/>
    <Component Name="GMT+02:00 - Helsinki" Icon="-1" Value="2"/>
    <Component Name="GMT+02:00 - Jerusalem" Icon="-1" Value="2"/>
    <Component Name="GMT+02:00 - Amman" Icon="-1" Value="2"/>
    <Component Name="GMT+02:00 - Riga" Icon="-1" Value="2"/>
    <Component Name="GMT+02:00 - Beirut" Icon="-1" Value="2"/>
    <Component Name="GMT+02:00 - Vilnius" Icon="-1" Value="2"/>
    <Component Name="GMT+02:00 - Windhoek" Icon="-1" Value="2"/>
    <Component Name="GMT+03:00 - Manama" Icon="-1" Value="3"/>
    <Component Name="GMT+03:00 - Minsk" Icon="-1" Value="3"/>
    <Component Name="GMT+03:00 - Baghdad" Icon="-1" Value="3"/>
    <Component Name="GMT+03:00 - Kuwait City" Icon="-1" Value="3"/>
    <Component Name="GMT+03:30 - Tehran" Icon="-1" Value="3.5"/>
    <Component Name="GMT+04:00 - Yerevan" Icon="-1" Value="4"/>
    <Component Name="GMT+04:00 - Baku" Icon="-1" Value="4"/>
    <Component Name="GMT+04:00 - Tbilisi" Icon="-1" Value="4"/>
    <Component Name="GMT+04:30 - Kabul" Icon="-1" Value="4.5"/>
    <Component Name="GMT+05:00 - W Kazakhstan" Icon="-1" Value="5"/>
    <Component Name="GMT+05:30 - Calcutta" Icon="-1" Value="5.5"/>
    <Component Name="GMT+05:45 - Kathmandu" Icon="-1" Value="5.75"/>
    <Component Name="GMT+06:00 - Dhaka" Icon="-1" Value="6"/>
    <Component Name="GMT+06:00 - C Kazakhstan" Icon="-1" Value="6"/>
    <Component Name="GMT+06:00 - Bishkek" Icon="-1" Value="6"/>
    <Component Name="GMT+07:00 - E Kazakhstan" Icon="-1" Value="7"/>
    <Component Name="GMT+08:00 - Perth" Icon="-1" Value="8"/>
    <Component Name="GMT+08:00 - Beijing" Icon="-1" Value="8"/>
    <Component Name="GMT+09:00 - Tokyo" Icon="-1" Value="9"/>
    <Component Name="GMT+10:00 - Sydney" Icon="-1" Value="10"/>
    <Component Name="GMT+10:30 - Lord Howe I." Icon="-1" Value="10.5"/>
    <Component Name="GMT+11:00 - New Caledonia" Icon="-1" Value="11"/>
    <Component Name="GMT+12:00 - Suva" Icon="-1" Value="12"/>
    <Component Name="GMT+13:00 - Wellington" Icon="-1" Value="13"/>
    <Default Variable="DATA.TIMEZONEVAL" />
    <Confirm>
      <![CDATA[
        function(DATA, val) {
            DATA.TIMEZONEVAL = val;
            DATA.TIME_ZONE = DASH_CTX[DATA.DASH_CURCTXLVL].Options[DASH_CTX[DATA.DASH_CURCTXLVL].Selected].Value;
            let config = DATA.CONFIG.Get("main.cfg");
            config["timezoneVal"] = val.toString();
            config["timezone"] = DATA.TIME_ZONE.toString();
            DATA.CONFIG.Push("main.cfg", config);
        }
      ]]>
    </Confirm>
  </Option>
</App>
