{
	"Name": [
		"Game Settings",
		"Paramètres de jeu",
		"Ajustes de Juego",
		"Spiel-Einstellungen",
		"Impostazioni del gioco",
		"Game-instellingen",
		"Configurações de jogo"
	],
	"Description": [
		"Adjusts settings for games.",
		"R�glez les paramètres des jeux.",
		"Ajusta la configuración de los juegos.",
		"Einstellungen für Spiele anpassen.",
		"Regola le impostazioni dei giochi.",
		"Pas de instellingen voor games aan.",
		"Ajuste as configurações dos jogos."
	],
	"Icon": 7,
	"Category": 1,
	"Type": "SUBMENU",
	"Value": "./PLG/xSettings/xGameOpts.xml"
}
